-- =========================================================
-- GrowthLens Seed Data
-- Realistic sample data for development and testing
-- =========================================================

USE growthlens;

-- =========================================================
-- Location
-- =========================================================
INSERT INTO Location (location_id, country, state, city) VALUES
(1, 'United States', 'California',  'San Francisco'),
(2, 'United States', 'New York',    'New York City'),
(3, 'United States', 'Texas',       'Austin'),
(4, 'United States', 'Washington',  'Seattle'),
(5, 'China',         'Beijing',     'Beijing'),
(6, 'China',         'Shanghai',    'Shanghai'),
(7, 'India',         'Maharashtra', 'Mumbai'),
(8, 'United Kingdom','England',     'London');

-- =========================================================
-- AcquisitionChannel
-- =========================================================
INSERT INTO AcquisitionChannel (channel_id, channel_name) VALUES
(1, 'Organic Search'),
(2, 'Paid Ads'),
(3, 'Referral'),
(4, 'Social Media'),
(5, 'Email Marketing'),
(6, 'Influencer'),
(7, 'Direct Visit'),
(8, 'Partner Website');

-- =========================================================
-- Campaign
-- =========================================================
INSERT INTO Campaign (campaign_id, campaign_name, start_date, end_date) VALUES
(1, 'New Year Boost',        '2025-01-01', '2025-01-31'),
(2, 'Spring Launch',         '2025-03-01', '2025-03-31'),
(3, 'Referral Push',         '2025-01-15', '2025-02-15'),
(4, 'Pro Plan Upgrade',      '2025-02-01', '2025-02-28'),
(5, 'Summer Promo',          '2025-06-01', '2025-06-30'),
(6, 'Mobile App Growth',     '2025-03-10', '2025-04-10'),
(7, 'Global Expansion',      '2025-04-01', '2025-04-30');

-- =========================================================
-- EventType
-- =========================================================
INSERT INTO EventType (event_type_id, event_name) VALUES
(1, 'page_view'),
(2, 'button_click'),
(3, 'form_submit'),
(4, 'purchase'),
(5, 'logout'),
(6, 'search'),
(7, 'share');

-- =========================================================
-- ProductOrPlan
-- =========================================================
INSERT INTO ProductOrPlan (product_id, product_name, product_type, price) VALUES
(1,  'Basic Plan',                'Subscription', 9.90),
(2,  'Premium Plan',              'Subscription', 29.90),
(3,  'Enterprise Plan',           'Subscription', 99.90),
(4,  'Standard Plan',             'Subscription', 19.90),
(5,  'Analytics Add-on',          'Add-on',       14.90),
(6,  'Reporting Toolkit',         'Software',     49.90),
(7,  'Team Collaboration Pack',   'Software',     79.90),
(8,  'Monthly Insights Report',   'Report',       24.90),
(9,  'Data Export Feature',       'Add-on',       12.90),
(10, 'Annual Benchmark Package',  'Report',       109.90);

-- =========================================================
-- User (mix of Active, Inactive, Suspended)
-- =========================================================
INSERT INTO User (user_id, email, signup_date, status, location_id) VALUES
(1,  'alice.chen@example.com',   '2025-01-05', 'Active',    1),
(2,  'bob.smith@example.com',    '2025-01-08', 'Active',    2),
(3,  'carol.lee@example.com',    '2025-01-15', 'Inactive',  3),
(4,  'david.wang@example.com',   '2025-02-01', 'Active',    4),
(5,  'emma.li@example.com',      '2025-02-10', 'Active',    5),
(6,  'frank.zhao@example.com',   '2025-02-18', 'Suspended', 6),
(7,  'grace.liu@example.com',    '2025-03-02', 'Active',    7),
(8,  'henry.sun@example.com',    '2025-03-10', 'Active',    8),
(9,  'irene.guo@example.com',    '2025-03-15', 'Inactive',  1),
(10, 'jack.mao@example.com',     '2025-03-20', 'Active',    2),
(11, 'kate.zhang@example.com',   '2025-03-25', 'Active',    3),
(12, 'leo.wu@example.com',       '2025-04-01', 'Active',    4),
(13, 'mia.xu@example.com',       '2025-04-05', 'Inactive',  5),
(14, 'noah.lin@example.com',     '2025-04-10', 'Active',    6),
(15, 'olivia.he@example.com',    '2025-04-15', 'Active',    7);

-- =========================================================
-- UserAcquisition
-- =========================================================
INSERT INTO UserAcquisition (user_id, channel_id, campaign_id, acquisition_date) VALUES
(1,  1, 1, '2025-01-05'),
(2,  2, 1, '2025-01-08'),
(3,  3, 3, '2025-01-15'),
(4,  4, 2, '2025-02-01'),
(5,  5, 2, '2025-02-10'),
(6,  6, 4, '2025-02-18'),
(7,  6, 5, '2025-03-02'),
(8,  7, 6, '2025-03-10'),
(9,  8, 6, '2025-03-15'),
(10, 8, 7, '2025-03-20'),
(11, 1, 7, '2025-03-25'),
(12, 2, 2, '2025-04-01'),
(13, 3, 3, '2025-04-05'),
(14, 5, 5, '2025-04-10'),
(15, 4, 7, '2025-04-15');

-- =========================================================
-- Session
-- =========================================================
INSERT INTO Session (session_id, user_id, session_start, session_end, duration) VALUES
(1,  1,  '2025-01-06 09:00:00', '2025-01-06 09:25:00', 1500),
(2,  2,  '2025-01-09 10:00:00', '2025-01-09 10:45:00', 2700),
(3,  3,  '2025-01-16 08:30:00', '2025-01-16 08:50:00', 1200),
(4,  4,  '2025-02-02 11:00:00', '2025-02-02 11:35:00', 2100),
(5,  5,  '2025-02-11 14:00:00', '2025-02-11 14:45:00', 2700),
(6,  6,  '2025-02-19 15:00:00', '2025-02-19 15:30:00', 1800),
(7,  7,  '2025-03-03 09:00:00', '2025-03-03 09:50:00', 3000),
(8,  8,  '2025-03-11 13:00:00', '2025-03-11 13:40:00', 2400),
(9,  9,  '2025-03-16 16:00:00', '2025-03-16 16:20:00', 1200),
(10, 10, '2025-03-21 10:00:00', '2025-03-21 10:55:00', 3300),
(11, 11, '2025-03-26 11:00:00', '2025-03-26 11:30:00', 1800),
(12, 12, '2025-04-02 09:30:00', '2025-04-02 10:10:00', 2400),
(13, 13, '2025-04-06 14:00:00', '2025-04-06 14:25:00', 1500),
(14, 14, '2025-04-11 10:00:00', '2025-04-11 10:50:00', 3000),
(15, 15, '2025-04-16 15:00:00', '2025-04-16 15:40:00', 2400);

-- =========================================================
-- Event
-- =========================================================
INSERT INTO Event (event_id, session_id, event_type_id, event_time) VALUES
(1,  1,  1, '2025-01-06 09:01:00'),
(2,  1,  2, '2025-01-06 09:05:00'),
(3,  2,  1, '2025-01-09 10:02:00'),
(4,  2,  4, '2025-01-09 10:18:00'),
(5,  3,  1, '2025-01-16 08:31:00'),
(6,  4,  6, '2025-02-02 11:05:00'),
(7,  4,  2, '2025-02-02 11:20:00'),
(8,  5,  1, '2025-02-11 14:01:00'),
(9,  5,  4, '2025-02-11 14:30:00'),
(10, 6,  2, '2025-02-19 15:10:00'),
(11, 7,  1, '2025-03-03 09:05:00'),
(12, 7,  7, '2025-03-03 09:30:00'),
(13, 8,  6, '2025-03-11 13:10:00'),
(14, 9,  1, '2025-03-16 16:05:00'),
(15, 10, 4, '2025-03-21 10:30:00');

-- =========================================================
-- Purchase
-- =========================================================
INSERT INTO Purchase (purchase_id, user_id, product_id, purchase_date) VALUES
(1,  1,  1,  '2025-01-06 09:25:00'),
(2,  2,  2,  '2025-01-09 10:18:00'),
(3,  3,  6,  '2025-01-16 08:40:00'),
(4,  4,  4,  '2025-02-02 11:35:00'),
(5,  5,  3,  '2025-02-11 14:45:00'),
(6,  5,  3,  '2025-02-11 14:46:00'),
(7,  6,  5,  '2025-02-19 15:30:00'),
(8,  7,  7,  '2025-03-03 09:50:00'),
(9,  8,  8,  '2025-03-11 13:16:00'),
(10, 9,  9,  '2025-03-16 16:55:00'),
(11, 10, 10, '2025-03-21 10:55:00'),
(12, 11, 2,  '2025-03-26 11:25:00'),
(13, 12, 4,  '2025-04-02 10:05:00'),
(14, 14, 5,  '2025-04-11 10:40:00'),
(15, 15, 1,  '2025-04-16 15:35:00');

-- =========================================================
-- Payment
-- =========================================================
INSERT INTO Payment (purchase_id, payment_no, amount, payment_method, payment_status, paid_at) VALUES
(1,  1, 9.90,   'Credit Card',   'Paid',    '2025-01-06 09:26:00'),
(2,  1, 29.90,  'PayPal',        'Paid',    '2025-01-09 10:19:00'),
(3,  1, 49.90,  'Credit Card',   'Paid',    '2025-01-16 08:41:00'),
(4,  1, 19.90,  'Debit Card',    'Paid',    '2025-02-02 11:36:00'),
(5,  1, 5.00,   'Bank Transfer', 'Paid',    '2025-02-11 14:46:00'),
(6,  2, 49.90,  'Bank Transfer', 'Paid',    '2025-02-11 14:47:00'),
(7,  1, 14.90,  'Credit Card',   'Pending', '2025-02-19 15:31:00'),
(8,  1, 79.90,  'Credit Card',   'Paid',    '2025-03-03 09:51:00'),
(9,  1, 24.90,  'Apple Pay',     'Paid',    '2025-03-11 13:17:00'),
(10, 1, 12.90,  'Google Pay',    'Failed',  '2025-03-16 16:56:00'),
(11, 1, 10.00,  'Wire Transfer', 'Paid',    '2025-03-21 10:56:00'),
(11, 2, 99.90,  'Wire Transfer', 'Paid',    '2025-03-21 10:57:00'),
(12, 1, 29.90,  'Credit Card',   'Paid',    '2025-03-26 11:26:00'),
(13, 1, 19.90,  'PayPal',        'Paid',    '2025-04-02 10:06:00'),
(15, 1, 9.90,   'Credit Card',   'Paid',    '2025-04-16 15:36:00');
